teta0,teta1
7992.776582945248,-4615.248084003121
