teta0,teta1
7234.953403216747,-0.012044916832877006
