teta0,teta1
8599.12887648428,-0.023468941815577356
