teta0,teta1
7802.0877573017015,-0.018940135393163183
